Date,Sector,Ticker,Close,Return,MarketCap
04-05-2020,SERVICES,ADANIPORTS,266.35,0,70471
04-05-2020,CONSUMER GOODS,ASIANPAINT,1676.8,0,161788
04-05-2020,FINANCIAL SERVICES,AXISBANK,402.8,0,119527
04-05-2020,AUTOMOBILE,BAJAJ-AUTO,2442.15,0,83012
04-05-2020,FINANCIAL SERVICES,BAJAJFINSV,4762.35,0,98622
04-05-2020,FINANCIAL SERVICES,BAJFINANCE,2079.65,0,178641
04-05-2020,TELECOM,BHARTIARTL,532.5,0,304693
04-05-2020,OIL & GAS,BPCL,347.9,0,83213
04-05-2020,CONSUMER GOODS,BRITANNIA,3092.95,0,85080
04-05-2020,PHARMA,CIPLA,611.85,0,52069
04-05-2020,METALS,COALINDIA,142.3,0,82365
04-05-2020,PHARMA,DRREDDY,3939,0,65161
04-05-2020,AUTOMOBILE,EICHERMOT,13748.8,0,50108
04-05-2020,OIL & GAS,GAIL,93.5,0,46657
04-05-2020,CEMENT & CEMENT PRODUCTS,GRASIM,479.05,0,40649
04-05-2020,IT,HCLTECH,514.25,0,154638
04-05-2020,FINANCIAL SERVICES,HDFC,1724.35,0,327720
04-05-2020,FINANCIAL SERVICES,HDFCBANK,923,0,598276
04-05-2020,AUTOMOBILE,HEROMOTOCO,2000.7,0,53382
04-05-2020,METALS,HINDALCO,115.9,0,33189
04-05-2020,CONSUMER GOODS,HINDUNILVR,2082.65,0,505298
04-05-2020,FINANCIAL SERVICES,ICICIBANK,338.05,0,234883
04-05-2020,FINANCIAL SERVICES,INDUSINDBK,423.05,0,34307
04-05-2020,TELECOM,INFRATEL,168.5,0,41126
04-05-2020,IT,INFY,673.7,0,322120
04-05-2020,OIL & GAS,IOC,79.75,0,83221
04-05-2020,CONSUMER GOODS,ITC,174.05,0,253220
04-05-2020,METALS,JSWSTEEL,163.55,0,47015
04-05-2020,FINANCIAL SERVICES,KOTAKBANK,1277.8,0,267465
04-05-2020,CONSTRUCTION,LT,850.65,0,132067
04-05-2020,AUTOMOBILE,M&M,357.05,0,65861
04-05-2020,AUTOMOBILE,MARUTI,4886.3,0,179691
04-05-2020,CONSUMER GOODS,NESTLEIND,17456.45,0,161805
04-05-2020,POWER,NTPC,91.45,0,92366
04-05-2020,OIL & GAS,ONGC,76.55,0,103032
04-05-2020,POWER,POWERGRID,159.05,0,91553
04-05-2020,OIL & GAS,RELIANCE,1435.2,0,1190490
04-05-2020,FINANCIAL SERVICES,SBIN,178.85,0,165507
04-05-2020,CEMENT & CEMENT PRODUCTS,SHREECEM,18625,0,82102
04-05-2020,PHARMA,SUNPHARMA,465.45,0,113525
04-05-2020,AUTOMOBILE,TATAMOTORS,83.9,0,31369
04-05-2020,METALS,TATASTEEL,273.6,0,40332
04-05-2020,IT,TCS,1930.45,0,809896
04-05-2020,IT,TECHM,502.45,0,54178
04-05-2020,CONSUMER GOODS,TITAN,891.85,0,87567
04-05-2020,CEMENT & CEMENT PRODUCTS,ULTRACEMCO,3347.6,0,112997
04-05-2020,FERTILISERS & PESTICIDES,UPL,385.4,0,33800
04-05-2020,METALS,VEDL,79.95,0,39551
04-05-2020,IT,WIPRO,190.05,0,128403
04-05-2020,MEDIA & ENTERTAINMENT,ZEEL,146.4,0,16751
05-05-2020,SERVICES,ADANIPORTS,263.1,-1.220198986,70471
05-05-2020,CONSUMER GOODS,ASIANPAINT,1619.15,-3.438096374,161788
05-05-2020,FINANCIAL SERVICES,AXISBANK,389,-3.426017875,119527
05-05-2020,AUTOMOBILE,BAJAJ-AUTO,2422.8,-0.792334623,83012
05-05-2020,FINANCIAL SERVICES,BAJAJFINSV,4629.2,-2.795888584,98622
05-05-2020,FINANCIAL SERVICES,BAJFINANCE,2002.35,-3.716971606,178641
05-05-2020,TELECOM,BHARTIARTL,528.05,-0.835680751,304693
05-05-2020,OIL & GAS,BPCL,347.05,-0.244323081,83213
05-05-2020,CONSUMER GOODS,BRITANNIA,2978.75,-3.6922679,85080
05-05-2020,PHARMA,CIPLA,596.9,-2.443409332,52069
05-05-2020,METALS,COALINDIA,138,-3.021784961,82365
05-05-2020,PHARMA,DRREDDY,3833.9,-2.668189896,65161
05-05-2020,AUTOMOBILE,EICHERMOT,13810.95,0.452039451,50108
05-05-2020,OIL & GAS,GAIL,91.1,-2.56684492,46657
05-05-2020,CEMENT & CEMENT PRODUCTS,GRASIM,471.45,-1.586473228,40649
05-05-2020,IT,HCLTECH,520.4,1.195916383,154638
05-05-2020,FINANCIAL SERVICES,HDFC,1689.9,-1.997854264,327720
05-05-2020,FINANCIAL SERVICES,HDFCBANK,911.45,-1.25135428,598276
05-05-2020,AUTOMOBILE,HEROMOTOCO,1965.35,-1.766881591,53382
05-05-2020,METALS,HINDALCO,115.9,0,33189
05-05-2020,CONSUMER GOODS,HINDUNILVR,2041.5,-1.975848078,505298
05-05-2020,FINANCIAL SERVICES,ICICIBANK,330.85,-2.129862446,234883
05-05-2020,FINANCIAL SERVICES,INDUSINDBK,418.7,-1.028247252,34307
05-05-2020,TELECOM,INFRATEL,170.6,1.246290801,41126
05-05-2020,IT,INFY,673.7,0,322120
05-05-2020,OIL & GAS,IOC,78.7,-1.31661442,83221
05-05-2020,CONSUMER GOODS,ITC,173.9,-0.086182132,253220
05-05-2020,METALS,JSWSTEEL,163.9,0.214001834,47015
05-05-2020,FINANCIAL SERVICES,KOTAKBANK,1238.35,-3.087337612,267465
05-05-2020,CONSTRUCTION,LT,836.9,-1.61641098,132067
05-05-2020,AUTOMOBILE,M&M,368.15,3.10880829,65861
05-05-2020,AUTOMOBILE,MARUTI,4829.85,-1.155270859,179691
05-05-2020,CONSUMER GOODS,NESTLEIND,17421.5,-0.200212529,161805
05-05-2020,POWER,NTPC,92.6,1.257517769,92366
05-05-2020,OIL & GAS,ONGC,78.45,2.482037884,103032
05-05-2020,POWER,POWERGRID,163.65,2.892172273,91553
05-05-2020,OIL & GAS,RELIANCE,1460.65,1.773272018,1190490
05-05-2020,FINANCIAL SERVICES,SBIN,170.4,-4.724629578,165507
05-05-2020,CEMENT & CEMENT PRODUCTS,SHREECEM,18512,-0.606711409,82102
05-05-2020,PHARMA,SUNPHARMA,456.3,-1.96583951,113525
05-05-2020,AUTOMOBILE,TATAMOTORS,80.9,-3.57568534,31369
05-05-2020,METALS,TATASTEEL,272.65,-0.347222222,40332
05-05-2020,IT,TCS,1932.75,0.119143205,809896
05-05-2020,IT,TECHM,499.95,-0.497561946,54178
05-05-2020,CONSUMER GOODS,TITAN,886.95,-0.549419745,87567
05-05-2020,CEMENT & CEMENT PRODUCTS,ULTRACEMCO,3284.35,-1.889413311,112997
05-05-2020,FERTILISERS & PESTICIDES,UPL,387.05,0.428126622,33800
05-05-2020,METALS,VEDL,78.9,-1.313320826,39551
05-05-2020,IT,WIPRO,184.2,-3.078137332,128403
05-05-2020,MEDIA & ENTERTAINMENT,ZEEL,148.4,1.366120219,16751
06-05-2020,SERVICES,ADANIPORTS,270.15,1.426694199,70471
06-05-2020,CONSUMER GOODS,ASIANPAINT,1610.65,-3.945014313,161788
06-05-2020,FINANCIAL SERVICES,AXISBANK,388.85,-3.4632572,119527
06-05-2020,AUTOMOBILE,BAJAJ-AUTO,2471.85,1.216141515,83012
06-05-2020,FINANCIAL SERVICES,BAJAJFINSV,4692.9,-1.458313648,98622
06-05-2020,FINANCIAL SERVICES,BAJFINANCE,2106.25,1.279061381,178641
06-05-2020,TELECOM,BHARTIARTL,546,2.535211268,304693
06-05-2020,OIL & GAS,BPCL,343.8,-1.178499569,83213
06-05-2020,CONSUMER GOODS,BRITANNIA,2987.7,-3.402900144,85080
06-05-2020,PHARMA,CIPLA,591.75,-3.285118902,52069
06-05-2020,METALS,COALINDIA,133.75,-6.008432888,82365
06-05-2020,PHARMA,DRREDDY,3852.5,-2.19598883,65161
06-05-2020,AUTOMOBILE,EICHERMOT,13859.95,0.808434191,50108
06-05-2020,OIL & GAS,GAIL,94.7,1.28342246,46657
06-05-2020,CEMENT & CEMENT PRODUCTS,GRASIM,482.4,0.699300699,40649
06-05-2020,IT,HCLTECH,519.1,0.94312105,154638
06-05-2020,FINANCIAL SERVICES,HDFC,1732.15,0.452344362,327720
06-05-2020,FINANCIAL SERVICES,HDFCBANK,946.4,2.535211268,598276
06-05-2020,AUTOMOBILE,HEROMOTOCO,2026.75,1.302044285,53382
06-05-2020,METALS,HINDALCO,118.6,2.329594478,33189
06-05-2020,CONSUMER GOODS,HINDUNILVR,2010.2,-3.478741027,505298
06-05-2020,FINANCIAL SERVICES,ICICIBANK,341.4,0.990977666,234883
06-05-2020,FINANCIAL SERVICES,INDUSINDBK,425.5,0.579127763,34307
06-05-2020,TELECOM,INFRATEL,160.9,-4.510385757,41126
06-05-2020,IT,INFY,665.9,-1.157785364,322120
06-05-2020,OIL & GAS,IOC,76.55,-4.012539185,83221
06-05-2020,CONSUMER GOODS,ITC,163.9,-5.83165757,253220
06-05-2020,METALS,JSWSTEEL,165.8,1.375726078,47015
06-05-2020,FINANCIAL SERVICES,KOTAKBANK,1245.95,-2.492565347,267465
06-05-2020,CONSTRUCTION,LT,837.3,-1.569388115,132067
06-05-2020,AUTOMOBILE,M&M,387.15,8.43019185,65861
06-05-2020,AUTOMOBILE,MARUTI,4843.25,-0.88103473,179691
06-05-2020,CONSUMER GOODS,NESTLEIND,17309.3,-0.842954896,161805
06-05-2020,POWER,NTPC,94.7,3.553854565,92366
06-05-2020,OIL & GAS,ONGC,79.25,3.527106466,103032
06-05-2020,POWER,POWERGRID,165.4,3.992455203,91553
06-05-2020,OIL & GAS,RELIANCE,1460.75,1.780239688,1190490
06-05-2020,FINANCIAL SERVICES,SBIN,171.1,-4.333240145,165507
06-05-2020,CEMENT & CEMENT PRODUCTS,SHREECEM,18741.9,0.627651007,82102
06-05-2020,PHARMA,SUNPHARMA,454.4,-2.374046622,113525
06-05-2020,AUTOMOBILE,TATAMOTORS,83.2,-0.834326579,31369
06-05-2020,METALS,TATASTEEL,277.75,1.516812865,40332
06-05-2020,IT,TCS,1903.6,-1.390867414,809896
06-05-2020,IT,TECHM,506.85,0.875709026,54178
06-05-2020,CONSUMER GOODS,TITAN,876.45,-1.726747771,87567
06-05-2020,CEMENT & CEMENT PRODUCTS,ULTRACEMCO,3324.4,-0.693033815,112997
06-05-2020,FERTILISERS & PESTICIDES,UPL,379,-1.660612351,33800
06-05-2020,METALS,VEDL,79.45,-0.625390869,39551
06-05-2020,IT,WIPRO,187.05,-1.578531965,128403
06-05-2020,MEDIA & ENTERTAINMENT,ZEEL,152.65,4.269125683,16751
07-05-2020,SERVICES,ADANIPORTS,282.4,6.025905763,70471
07-05-2020,CONSUMER GOODS,ASIANPAINT,1594.3,-4.920085878,161788
07-05-2020,FINANCIAL SERVICES,AXISBANK,397.35,-1.353028798,119527
07-05-2020,AUTOMOBILE,BAJAJ-AUTO,2406.55,-1.457731917,83012
07-05-2020,FINANCIAL SERVICES,BAJAJFINSV,4673.4,-1.867775363,98622
07-05-2020,FINANCIAL SERVICES,BAJFINANCE,2060.55,-0.918423773,178641
07-05-2020,TELECOM,BHARTIARTL,528.05,-0.835680751,304693
07-05-2020,OIL & GAS,BPCL,329.55,-5.274504168,83213
07-05-2020,CONSUMER GOODS,BRITANNIA,2915.35,-5.742090884,85080
07-05-2020,PHARMA,CIPLA,589.55,-3.644684155,52069
07-05-2020,METALS,COALINDIA,130.8,-8.08151792,82365
07-05-2020,PHARMA,DRREDDY,3837.65,-2.572988068,65161
07-05-2020,AUTOMOBILE,EICHERMOT,14010.5,1.903438846,50108
07-05-2020,OIL & GAS,GAIL,91.5,-2.139037433,46657
07-05-2020,CEMENT & CEMENT PRODUCTS,GRASIM,485.2,1.283790836,40649
07-05-2020,IT,HCLTECH,511.75,-0.486144871,154638
07-05-2020,FINANCIAL SERVICES,HDFC,1703.9,-1.185954128,327720
07-05-2020,FINANCIAL SERVICES,HDFCBANK,925,0.216684724,598276
07-05-2020,AUTOMOBILE,HEROMOTOCO,2000.3,-0.019993002,53382
07-05-2020,METALS,HINDALCO,117.65,1.509922347,33189
07-05-2020,CONSUMER GOODS,HINDUNILVR,1992.05,-4.350226874,505298
07-05-2020,FINANCIAL SERVICES,ICICIBANK,336.75,-0.384558497,234883
07-05-2020,FINANCIAL SERVICES,INDUSINDBK,454.35,7.398652642,34307
07-05-2020,TELECOM,INFRATEL,172.8,2.551928783,41126
07-05-2020,IT,INFY,664.95,-1.298797684,322120
07-05-2020,OIL & GAS,IOC,75.75,-5.015673981,83221
07-05-2020,CONSUMER GOODS,ITC,161,-7.497845447,253220
07-05-2020,METALS,JSWSTEEL,172.2,5.288902476,47015
07-05-2020,FINANCIAL SERVICES,KOTAKBANK,1199.8,-6.104241665,267465
07-05-2020,CONSTRUCTION,LT,822.85,-3.268089108,132067
07-05-2020,AUTOMOBILE,M&M,400.65,12.21117491,65861
07-05-2020,AUTOMOBILE,MARUTI,4749.3,-2.803757444,179691
07-05-2020,CONSUMER GOODS,NESTLEIND,17142.45,-1.798762062,161805
07-05-2020,POWER,NTPC,90.45,-1.093493712,92366
07-05-2020,OIL & GAS,ONGC,75.6,-1.241018942,103032
07-05-2020,POWER,POWERGRID,161.75,1.697579378,91553
07-05-2020,OIL & GAS,RELIANCE,1506.95,4.999303233,1190490
07-05-2020,FINANCIAL SERVICES,SBIN,170.75,-4.528934862,165507
07-05-2020,CEMENT & CEMENT PRODUCTS,SHREECEM,18432.4,-1.03409396,82102
07-05-2020,PHARMA,SUNPHARMA,452.2,-2.846707487,113525
07-05-2020,AUTOMOBILE,TATAMOTORS,82.5,-1.668653159,31369
07-05-2020,METALS,TATASTEEL,275.85,0.822368421,40332
07-05-2020,IT,TCS,1891.65,-2.009894066,809896
07-05-2020,IT,TECHM,516.35,2.766444422,54178
07-05-2020,CONSUMER GOODS,TITAN,849.1,-4.793406963,87567
07-05-2020,CEMENT & CEMENT PRODUCTS,ULTRACEMCO,3252.85,-2.830385948,112997
07-05-2020,FERTILISERS & PESTICIDES,UPL,368.4,-4.411001557,33800
07-05-2020,METALS,VEDL,78.55,-1.751094434,39551
07-05-2020,IT,WIPRO,184.1,-3.130755064,128403
07-05-2020,MEDIA & ENTERTAINMENT,ZEEL,147.35,0.648907104,16751
08-05-2020,SERVICES,ADANIPORTS,285.05,7.020837244,70471
08-05-2020,CONSUMER GOODS,ASIANPAINT,1578.4,-5.868320611,161788
08-05-2020,FINANCIAL SERVICES,AXISBANK,382.05,-5.151439921,119527
08-05-2020,AUTOMOBILE,BAJAJ-AUTO,2419.05,-0.945887845,83012
08-05-2020,FINANCIAL SERVICES,BAJAJFINSV,4601,-3.388033219,98622
08-05-2020,FINANCIAL SERVICES,BAJFINANCE,2024.15,-2.668718294,178641
08-05-2020,TELECOM,BHARTIARTL,530.05,-0.460093897,304693
08-05-2020,OIL & GAS,BPCL,324.75,-6.65421098,83213
08-05-2020,CONSUMER GOODS,BRITANNIA,2994.65,-3.178195574,85080
08-05-2020,PHARMA,CIPLA,591.9,-3.260603089,52069
08-05-2020,METALS,COALINDIA,129,-9.34645116,82365
08-05-2020,PHARMA,DRREDDY,3984,1.142421935,65161
08-05-2020,AUTOMOBILE,EICHERMOT,13858.85,0.800433492,50108
08-05-2020,OIL & GAS,GAIL,91.35,-2.299465241,46657
08-05-2020,CEMENT & CEMENT PRODUCTS,GRASIM,486.3,1.513411961,40649
08-05-2020,IT,HCLTECH,518.4,0.807000486,154638
08-05-2020,FINANCIAL SERVICES,HDFC,1689.7,-2.009452837,327720
08-05-2020,FINANCIAL SERVICES,HDFCBANK,929.05,0.655471289,598276
08-05-2020,AUTOMOBILE,HEROMOTOCO,1962.6,-1.904333483,53382
08-05-2020,METALS,HINDALCO,117.1,1.035375324,33189
08-05-2020,CONSUMER GOODS,HINDUNILVR,2089.45,0.326507094,505298
08-05-2020,FINANCIAL SERVICES,ICICIBANK,337.7,-0.10353498,234883
08-05-2020,FINANCIAL SERVICES,INDUSINDBK,440.35,4.089351141,34307
08-05-2020,TELECOM,INFRATEL,174.25,3.412462908,41126
08-05-2020,IT,INFY,674.2,0.074217011,322120
08-05-2020,OIL & GAS,IOC,74.35,-6.771159875,83221
08-05-2020,CONSUMER GOODS,ITC,158.25,-9.077851192,253220
08-05-2020,METALS,JSWSTEEL,168.65,3.118312443,47015
08-05-2020,FINANCIAL SERVICES,KOTAKBANK,1217.45,-4.72296134,267465
08-05-2020,CONSTRUCTION,LT,815.95,-4.079233527,132067
08-05-2020,AUTOMOBILE,M&M,386.7,8.304159081,65861
08-05-2020,AUTOMOBILE,MARUTI,4654.15,-4.751038618,179691
08-05-2020,CONSUMER GOODS,NESTLEIND,17802.95,1.984939664,161805
08-05-2020,POWER,NTPC,87,-4.86604702,92366
08-05-2020,OIL & GAS,ONGC,76,-0.718484651,103032
08-05-2020,POWER,POWERGRID,159,-0.031436655,91553
08-05-2020,OIL & GAS,RELIANCE,1561.8,8.821070234,1190490
08-05-2020,FINANCIAL SERVICES,SBIN,166.65,-6.82135868,165507
08-05-2020,CEMENT & CEMENT PRODUCTS,SHREECEM,18732.75,0.57852349,82102
08-05-2020,PHARMA,SUNPHARMA,469,0.762702761,113525
08-05-2020,AUTOMOBILE,TATAMOTORS,81.05,-3.396901073,31369
08-05-2020,METALS,TATASTEEL,272.9,-0.255847953,40332
08-05-2020,IT,TCS,1893.4,-1.919241628,809896
08-05-2020,IT,TECHM,536.2,6.717086277,54178
08-05-2020,CONSUMER GOODS,TITAN,832.85,-6.615462241,87567
08-05-2020,CEMENT & CEMENT PRODUCTS,ULTRACEMCO,3305.8,-1.248655753,112997
08-05-2020,FERTILISERS & PESTICIDES,UPL,364.6,-5.39699014,33800
08-05-2020,METALS,VEDL,77.4,-3.189493433,39551
08-05-2020,IT,WIPRO,184,-3.183372797,128403
08-05-2020,MEDIA & ENTERTAINMENT,ZEEL,150.65,2.903005464,16751
11-05-2020,SERVICES,ADANIPORTS,289.7,8.766660409,70471
11-05-2020,CONSUMER GOODS,ASIANPAINT,1569.6,-6.393129771,161788
11-05-2020,FINANCIAL SERVICES,AXISBANK,379.55,-5.772095333,119527
11-05-2020,AUTOMOBILE,BAJAJ-AUTO,2566.3,5.083635321,83012
11-05-2020,FINANCIAL SERVICES,BAJAJFINSV,4558,-4.290948796,98622
11-05-2020,FINANCIAL SERVICES,BAJFINANCE,2015.05,-3.106291924,178641
11-05-2020,TELECOM,BHARTIARTL,536.2,0.694835681,304693
11-05-2020,OIL & GAS,BPCL,314.8,-9.514228227,83213
11-05-2020,CONSUMER GOODS,BRITANNIA,3053.95,-1.26093212,85080
11-05-2020,PHARMA,CIPLA,586.05,-4.216719784,52069
11-05-2020,METALS,COALINDIA,128.45,-9.732958538,82365
11-05-2020,PHARMA,DRREDDY,3862,-1.954810866,65161
11-05-2020,AUTOMOBILE,EICHERMOT,14288.95,3.928706505,50108
11-05-2020,OIL & GAS,GAIL,92.05,-1.550802139,46657
11-05-2020,CEMENT & CEMENT PRODUCTS,GRASIM,504.45,5.302160526,40649
11-05-2020,IT,HCLTECH,527.55,2.586290715,154638
11-05-2020,FINANCIAL SERVICES,HDFC,1658.45,-3.821729927,327720
11-05-2020,FINANCIAL SERVICES,HDFCBANK,915.8,-0.780065005,598276
11-05-2020,AUTOMOBILE,HEROMOTOCO,2088.65,4.395961414,53382
11-05-2020,METALS,HINDALCO,119.75,3.321829163,33189
11-05-2020,CONSUMER GOODS,HINDUNILVR,2048,-1.663745709,505298
11-05-2020,FINANCIAL SERVICES,ICICIBANK,320.15,-5.295074693,234883
11-05-2020,FINANCIAL SERVICES,INDUSINDBK,433.4,2.446519324,34307
11-05-2020,TELECOM,INFRATEL,183.6,8.961424332,41126
11-05-2020,IT,INFY,682.9,1.365592994,322120
11-05-2020,OIL & GAS,IOC,75.35,-5.517241379,83221
11-05-2020,CONSUMER GOODS,ITC,158.45,-8.962941683,253220
11-05-2020,METALS,JSWSTEEL,174.55,6.725771935,47015
11-05-2020,FINANCIAL SERVICES,KOTAKBANK,1188.45,-6.992487087,267465
11-05-2020,CONSTRUCTION,LT,821.6,-3.415035561,132067
11-05-2020,AUTOMOBILE,M&M,390.1,9.256406666,65861
11-05-2020,AUTOMOBILE,MARUTI,4937.8,1.053967214,179691
11-05-2020,CONSUMER GOODS,NESTLEIND,17562.1,0.60522042,161805
11-05-2020,POWER,NTPC,86.65,-5.24876982,92366
11-05-2020,OIL & GAS,ONGC,77.05,0.653167864,103032
11-05-2020,POWER,POWERGRID,158.8,-0.157183276,91553
11-05-2020,OIL & GAS,RELIANCE,1576.8,9.866220736,1190490
11-05-2020,FINANCIAL SERVICES,SBIN,165.45,-7.492311993,165507
11-05-2020,CEMENT & CEMENT PRODUCTS,SHREECEM,18914.9,1.556510067,82102
11-05-2020,PHARMA,SUNPHARMA,463.85,-0.343753357,113525
11-05-2020,AUTOMOBILE,TATAMOTORS,86.1,2.622169249,31369
11-05-2020,METALS,TATASTEEL,276.2,0.950292398,40332
11-05-2020,IT,TCS,1935.3,0.251236758,809896
11-05-2020,IT,TECHM,530.2,5.522937606,54178
11-05-2020,CONSUMER GOODS,TITAN,829.6,-6.979873297,87567
11-05-2020,CEMENT & CEMENT PRODUCTS,ULTRACEMCO,3360.75,0.392818736,112997
11-05-2020,FERTILISERS & PESTICIDES,UPL,368.1,-4.488842761,33800
11-05-2020,METALS,VEDL,79.6,-0.437773609,39551
11-05-2020,IT,WIPRO,184.7,-2.815048671,128403
11-05-2020,MEDIA & ENTERTAINMENT,ZEEL,155.4,6.147540984,16751
12-05-2020,SERVICES,ADANIPORTS,291.5,9.442462925,70471
12-05-2020,CONSUMER GOODS,ASIANPAINT,1523.35,-9.151359733,161788
12-05-2020,FINANCIAL SERVICES,AXISBANK,386.85,-3.959781529,119527
12-05-2020,AUTOMOBILE,BAJAJ-AUTO,2628.85,7.644903057,83012
12-05-2020,FINANCIAL SERVICES,BAJAJFINSV,4668.2,-1.976965154,98622
12-05-2020,FINANCIAL SERVICES,BAJFINANCE,2069.7,-0.478445892,178641
12-05-2020,TELECOM,BHARTIARTL,559.85,5.136150235,304693
12-05-2020,OIL & GAS,BPCL,312.5,-10.17533774,83213
12-05-2020,CONSUMER GOODS,BRITANNIA,3107.3,0.463958357,85080
12-05-2020,PHARMA,CIPLA,570.15,-6.81539593,52069
12-05-2020,METALS,COALINDIA,126.85,-10.85734364,82365
12-05-2020,PHARMA,DRREDDY,3773.4,-4.204112719,65161
12-05-2020,AUTOMOBILE,EICHERMOT,14167.05,3.042083673,50108
12-05-2020,OIL & GAS,GAIL,88.7,-5.13368984,46657
12-05-2020,CEMENT & CEMENT PRODUCTS,GRASIM,517.95,8.120237971,40649
12-05-2020,IT,HCLTECH,527.4,2.557122022,154638
12-05-2020,FINANCIAL SERVICES,HDFC,1674.1,-2.914141561,327720
12-05-2020,FINANCIAL SERVICES,HDFCBANK,901.55,-2.323943662,598276
12-05-2020,AUTOMOBILE,HEROMOTOCO,2114.3,5.678012696,53382
12-05-2020,METALS,HINDALCO,121.1,4.486626402,33189
12-05-2020,CONSUMER GOODS,HINDUNILVR,2011.55,-3.413919766,505298
12-05-2020,FINANCIAL SERVICES,ICICIBANK,321.2,-4.984469753,234883
12-05-2020,FINANCIAL SERVICES,INDUSINDBK,446.2,5.472166411,34307
12-05-2020,TELECOM,INFRATEL,189.6,12.52225519,41126
12-05-2020,IT,INFY,687.65,2.070654594,322120
12-05-2020,OIL & GAS,IOC,74.9,-6.081504702,83221
12-05-2020,CONSUMER GOODS,ITC,165.05,-5.170927894,253220
12-05-2020,METALS,JSWSTEEL,178.2,8.95750535,47015
12-05-2020,FINANCIAL SERVICES,KOTAKBANK,1157.2,-9.438096729,267465
12-05-2020,CONSTRUCTION,LT,814.8,-4.214424264,132067
12-05-2020,AUTOMOBILE,M&M,393.05,10.08262148,65861
12-05-2020,AUTOMOBILE,MARUTI,4951.3,1.330249882,179691
12-05-2020,CONSUMER GOODS,NESTLEIND,17461.95,0.031506979,161805
12-05-2020,POWER,NTPC,91.65,0.218698742,92366
12-05-2020,OIL & GAS,ONGC,76.3,-0.326583932,103032
12-05-2020,POWER,POWERGRID,163.3,2.672115687,91553
12-05-2020,OIL & GAS,RELIANCE,1479.25,3.06925864,1190490
12-05-2020,FINANCIAL SERVICES,SBIN,166.9,-6.68157674,165507
12-05-2020,CEMENT & CEMENT PRODUCTS,SHREECEM,19127.2,2.696375839,82102
12-05-2020,PHARMA,SUNPHARMA,463.9,-0.333011065,113525
12-05-2020,AUTOMOBILE,TATAMOTORS,86.2,2.74135876,31369
12-05-2020,METALS,TATASTEEL,273.95,0.127923977,40332
12-05-2020,IT,TCS,1949.5,0.986816545,809896
12-05-2020,IT,TECHM,533.25,6.12996318,54178
12-05-2020,CONSUMER GOODS,TITAN,846.45,-5.090542132,87567
12-05-2020,CEMENT & CEMENT PRODUCTS,ULTRACEMCO,3349.35,0.052276258,112997
12-05-2020,FERTILISERS & PESTICIDES,UPL,374.55,-2.815256876,33800
12-05-2020,METALS,VEDL,89.05,11.38211382,39551
12-05-2020,IT,WIPRO,187.05,-1.578531965,128403
12-05-2020,MEDIA & ENTERTAINMENT,ZEEL,155.05,5.908469945,16751
13-05-2020,SERVICES,ADANIPORTS,309.35,16.1441712,70471
13-05-2020,CONSUMER GOODS,ASIANPAINT,1563.3,-6.76884542,161788
13-05-2020,FINANCIAL SERVICES,AXISBANK,414,2.780536246,119527
13-05-2020,AUTOMOBILE,BAJAJ-AUTO,2696,10.39452941,83012
13-05-2020,FINANCIAL SERVICES,BAJAJFINSV,4816.4,1.134943883,98622
13-05-2020,FINANCIAL SERVICES,BAJFINANCE,2161.05,3.914120164,178641
13-05-2020,TELECOM,BHARTIARTL,555.95,4.403755869,304693
13-05-2020,OIL & GAS,BPCL,316.55,-9.011210118,83213
13-05-2020,CONSUMER GOODS,BRITANNIA,3079.55,-0.433243344,85080
13-05-2020,PHARMA,CIPLA,570.2,-6.807223993,52069
13-05-2020,METALS,COALINDIA,130.6,-8.222066058,82365
13-05-2020,PHARMA,DRREDDY,3779.6,-4.046712364,65161
13-05-2020,AUTOMOBILE,EICHERMOT,14271.65,3.802877342,50108
13-05-2020,OIL & GAS,GAIL,89.35,-4.438502674,46657
13-05-2020,CEMENT & CEMENT PRODUCTS,GRASIM,522.95,9.163970358,40649
13-05-2020,IT,HCLTECH,528.75,2.819640253,154638
13-05-2020,FINANCIAL SERVICES,HDFC,1712.75,-0.672717256,327720
13-05-2020,FINANCIAL SERVICES,HDFCBANK,927.65,0.503791983,598276
13-05-2020,AUTOMOBILE,HEROMOTOCO,2187.6,9.341730394,53382
13-05-2020,METALS,HINDALCO,123.55,6.600517688,33189
13-05-2020,CONSUMER GOODS,HINDUNILVR,1995.75,-4.172568603,505298
13-05-2020,FINANCIAL SERVICES,ICICIBANK,338.05,0,234883
13-05-2020,FINANCIAL SERVICES,INDUSINDBK,448.6,6.039475239,34307
13-05-2020,TELECOM,INFRATEL,196.15,16.40949555,41126
13-05-2020,IT,INFY,694.15,3.035475731,322120
13-05-2020,OIL & GAS,IOC,76,-4.702194357,83221
13-05-2020,CONSUMER GOODS,ITC,165.4,-4.969836254,253220
13-05-2020,METALS,JSWSTEEL,182.35,11.49495567,47015
13-05-2020,FINANCIAL SERVICES,KOTAKBANK,1186.7,-7.129441227,267465
13-05-2020,CONSTRUCTION,LT,862.9,1.440075237,132067
13-05-2020,AUTOMOBILE,M&M,413.05,15.68407786,65861
13-05-2020,AUTOMOBILE,MARUTI,5036.1,3.065714344,179691
13-05-2020,CONSUMER GOODS,NESTLEIND,16512.35,-5.408316124,161805
13-05-2020,POWER,NTPC,93.05,1.74958994,92366
13-05-2020,OIL & GAS,ONGC,78.2,2.155453952,103032
13-05-2020,POWER,POWERGRID,166.65,4.778371581,91553
13-05-2020,OIL & GAS,RELIANCE,1496.45,4.267697882,1190490
13-05-2020,FINANCIAL SERVICES,SBIN,174.1,-2.655856863,165507
13-05-2020,CEMENT & CEMENT PRODUCTS,SHREECEM,19763.25,6.111409396,82102
13-05-2020,PHARMA,SUNPHARMA,452.35,-2.81448061,113525
13-05-2020,AUTOMOBILE,TATAMOTORS,87.2,3.933253874,31369
13-05-2020,METALS,TATASTEEL,276.55,1.078216374,40332
13-05-2020,IT,TCS,1949.65,0.994586754,809896
13-05-2020,IT,TECHM,544.75,8.418748134,54178
13-05-2020,CONSUMER GOODS,TITAN,860.45,-3.52077143,87567
13-05-2020,CEMENT & CEMENT PRODUCTS,ULTRACEMCO,3546.7,5.947544509,112997
13-05-2020,FERTILISERS & PESTICIDES,UPL,389.65,1.102750389,33800
13-05-2020,METALS,VEDL,90.25,12.88305191,39551
13-05-2020,IT,WIPRO,189.7,-0.184162063,128403
13-05-2020,MEDIA & ENTERTAINMENT,ZEEL,165.15,12.80737705,16751
14-05-2020,SERVICES,ADANIPORTS,308.4,15.78749765,70471
14-05-2020,CONSUMER GOODS,ASIANPAINT,1522.4,-9.208015267,161788
14-05-2020,FINANCIAL SERVICES,AXISBANK,401.95,-0.21102284,119527
14-05-2020,AUTOMOBILE,BAJAJ-AUTO,2702.65,10.66683046,83012
14-05-2020,FINANCIAL SERVICES,BAJAJFINSV,4790.25,0.585845223,98622
14-05-2020,FINANCIAL SERVICES,BAJFINANCE,2112,1.555550213,178641
14-05-2020,TELECOM,BHARTIARTL,539.85,1.38028169,304693
14-05-2020,OIL & GAS,BPCL,309.7,-10.98016671,83213
14-05-2020,CONSUMER GOODS,BRITANNIA,3118.7,0.832538515,85080
14-05-2020,PHARMA,CIPLA,569.75,-6.880771431,52069
14-05-2020,METALS,COALINDIA,128.65,-9.592410401,82365
14-05-2020,PHARMA,DRREDDY,3732,-5.255140899,65161
14-05-2020,AUTOMOBILE,EICHERMOT,14031.85,2.058725125,50108
14-05-2020,OIL & GAS,GAIL,85.45,-8.609625668,46657
14-05-2020,CEMENT & CEMENT PRODUCTS,GRASIM,511.4,6.752948544,40649
14-05-2020,IT,HCLTECH,517.45,0.622265435,154638
14-05-2020,FINANCIAL SERVICES,HDFC,1632.4,-5.332444109,327720
14-05-2020,FINANCIAL SERVICES,HDFCBANK,893.7,-3.174431203,598276
14-05-2020,AUTOMOBILE,HEROMOTOCO,2241.35,12.0282901,53382
14-05-2020,METALS,HINDALCO,117.2,1.121656601,33189
14-05-2020,CONSUMER GOODS,HINDUNILVR,2006.05,-3.678006386,505298
14-05-2020,FINANCIAL SERVICES,ICICIBANK,327.4,-3.150421535,234883
14-05-2020,FINANCIAL SERVICES,INDUSINDBK,428,1.170074459,34307
14-05-2020,TELECOM,INFRATEL,209.65,24.42136499,41126
14-05-2020,IT,INFY,658.15,-2.308149028,322120
14-05-2020,OIL & GAS,IOC,75.15,-5.768025078,83221
14-05-2020,CONSUMER GOODS,ITC,163.8,-5.889112324,253220
14-05-2020,METALS,JSWSTEEL,175.2,7.123203913,47015
14-05-2020,FINANCIAL SERVICES,KOTAKBANK,1173.1,-8.193770543,267465
14-05-2020,CONSTRUCTION,LT,871.65,2.468700406,132067
14-05-2020,AUTOMOBILE,M&M,400.45,12.15516034,65861
14-05-2020,AUTOMOBILE,MARUTI,5114.05,4.660990934,179691
14-05-2020,CONSUMER GOODS,NESTLEIND,16242.5,-6.954163074,161805
14-05-2020,POWER,NTPC,89.35,-2.296336796,92366
14-05-2020,OIL & GAS,ONGC,76.15,-0.522534291,103032
14-05-2020,POWER,POWERGRID,160.8,1.10028293,91553
14-05-2020,OIL & GAS,RELIANCE,1435.95,0.052257525,1190490
14-05-2020,FINANCIAL SERVICES,SBIN,167.95,-6.094492592,165507
14-05-2020,CEMENT & CEMENT PRODUCTS,SHREECEM,19310.8,3.682147651,82102
14-05-2020,PHARMA,SUNPHARMA,455.95,-2.041035557,113525
14-05-2020,AUTOMOBILE,TATAMOTORS,83.8,-0.119189511,31369
14-05-2020,METALS,TATASTEEL,268.55,-1.845760234,40332
14-05-2020,IT,TCS,1902.35,-1.455619156,809896
14-05-2020,IT,TECHM,515.7,2.637078316,54178
14-05-2020,CONSUMER GOODS,TITAN,846,-5.140999047,87567
14-05-2020,CEMENT & CEMENT PRODUCTS,ULTRACEMCO,3609.5,7.823515354,112997
14-05-2020,FERTILISERS & PESTICIDES,UPL,391.85,1.673585885,33800
14-05-2020,METALS,VEDL,89.15,11.50719199,39551
14-05-2020,IT,WIPRO,186,-2.131018153,128403
14-05-2020,MEDIA & ENTERTAINMENT,ZEEL,169.65,15.88114754,16751
15-05-2020,SERVICES,ADANIPORTS,309.25,16.10662662,70471
15-05-2020,CONSUMER GOODS,ASIANPAINT,1552.95,-7.386092557,161788
15-05-2020,FINANCIAL SERVICES,AXISBANK,388.55,-3.537735849,119527
15-05-2020,AUTOMOBILE,BAJAJ-AUTO,2663.6,9.067829576,83012
15-05-2020,FINANCIAL SERVICES,BAJAJFINSV,4723.25,-0.821023234,98622
15-05-2020,FINANCIAL SERVICES,BAJFINANCE,2086.45,0.326978097,178641
15-05-2020,TELECOM,BHARTIARTL,554.1,4.056338028,304693
15-05-2020,OIL & GAS,BPCL,318.2,-8.536935901,83213
15-05-2020,CONSUMER GOODS,BRITANNIA,3125.65,1.057243085,85080
15-05-2020,PHARMA,CIPLA,570.3,-6.790880118,52069
15-05-2020,METALS,COALINDIA,129.6,-8.924806746,82365
15-05-2020,PHARMA,DRREDDY,3735.1,-5.176440721,65161
15-05-2020,AUTOMOBILE,EICHERMOT,14099.6,2.551495403,50108
15-05-2020,OIL & GAS,GAIL,85.8,-8.235294118,46657
15-05-2020,CEMENT & CEMENT PRODUCTS,GRASIM,517.85,8.099363323,40649
15-05-2020,IT,HCLTECH,511.25,-0.583373845,154638
15-05-2020,FINANCIAL SERVICES,HDFC,1633.8,-5.251254096,327720
15-05-2020,FINANCIAL SERVICES,HDFCBANK,888.15,-3.775731311,598276
15-05-2020,AUTOMOBILE,HEROMOTOCO,2193.55,9.639126306,53382
15-05-2020,METALS,HINDALCO,119.25,2.890422778,33189
15-05-2020,CONSUMER GOODS,HINDUNILVR,2032.1,-2.42719612,505298
15-05-2020,FINANCIAL SERVICES,ICICIBANK,322.7,-4.54074841,234883
15-05-2020,FINANCIAL SERVICES,INDUSINDBK,418.7,-1.028247252,34307
15-05-2020,TELECOM,INFRATEL,202.5,20.17804154,41126
15-05-2020,IT,INFY,652.3,-3.176488051,322120
15-05-2020,OIL & GAS,IOC,75.5,-5.329153605,83221
15-05-2020,CONSUMER GOODS,ITC,164.65,-5.400746912,253220
15-05-2020,METALS,JSWSTEEL,174.3,6.572913482,47015
15-05-2020,FINANCIAL SERVICES,KOTAKBANK,1178.3,-7.786821099,267465
15-05-2020,CONSTRUCTION,LT,864.4,1.61641098,132067
15-05-2020,AUTOMOBILE,M&M,381.3,6.791765859,65861
15-05-2020,AUTOMOBILE,MARUTI,5100.4,4.381638459,179691
15-05-2020,CONSUMER GOODS,NESTLEIND,16443.8,-5.80100765,161805
15-05-2020,POWER,NTPC,90.85,-0.656096227,92366
15-05-2020,OIL & GAS,ONGC,76.15,-0.522534291,103032
15-05-2020,POWER,POWERGRID,159.8,0.471549827,91553
15-05-2020,OIL & GAS,RELIANCE,1459.4,1.686176143,1190490
15-05-2020,FINANCIAL SERVICES,SBIN,166.4,-6.961140621,165507
15-05-2020,CEMENT & CEMENT PRODUCTS,SHREECEM,19180.5,2.982550336,82102
15-05-2020,PHARMA,SUNPHARMA,448.6,-3.620152541,113525
15-05-2020,AUTOMOBILE,TATAMOTORS,84.35,0.536352801,31369
15-05-2020,METALS,TATASTEEL,273.45,-0.054824561,40332
15-05-2020,IT,TCS,1892.9,-1.945142324,809896
15-05-2020,IT,TECHM,510.55,1.612100707,54178
15-05-2020,CONSUMER GOODS,TITAN,845.6,-5.185849638,87567
15-05-2020,CEMENT & CEMENT PRODUCTS,ULTRACEMCO,3583.15,7.036384275,112997
15-05-2020,FERTILISERS & PESTICIDES,UPL,378.9,-1.686559419,33800
15-05-2020,METALS,VEDL,92.95,16.2601626,39551
15-05-2020,IT,WIPRO,183.8,-3.288608261,128403
15-05-2020,MEDIA & ENTERTAINMENT,ZEEL,164.2,12.15846995,16751
18-05-2020,SERVICES,ADANIPORTS,293.3,10.11826544,70471
18-05-2020,CONSUMER GOODS,ASIANPAINT,1501.1,-10.47829198,161788
18-05-2020,FINANCIAL SERVICES,AXISBANK,358.8,-10.92353525,119527
18-05-2020,AUTOMOBILE,BAJAJ-AUTO,2477.45,1.445447659,83012
18-05-2020,FINANCIAL SERVICES,BAJAJFINSV,4465.45,-6.234317091,98622
18-05-2020,FINANCIAL SERVICES,BAJFINANCE,1938.6,-6.782391268,178641
18-05-2020,TELECOM,BHARTIARTL,538.05,1.042253521,304693
18-05-2020,OIL & GAS,BPCL,294.05,-15.4785858,83213
18-05-2020,CONSUMER GOODS,BRITANNIA,3109.55,0.536704441,85080
18-05-2020,PHARMA,CIPLA,600.45,-1.863201765,52069
18-05-2020,METALS,COALINDIA,121.7,-14.47645819,82365
18-05-2020,PHARMA,DRREDDY,3679.15,-6.596851993,65161
18-05-2020,AUTOMOBILE,EICHERMOT,12988.2,-5.532119167,50108
18-05-2020,OIL & GAS,GAIL,81,-13.36898396,46657
18-05-2020,CEMENT & CEMENT PRODUCTS,GRASIM,495.8,3.496503497,40649
18-05-2020,IT,HCLTECH,510.75,-0.68060282,154638
18-05-2020,FINANCIAL SERVICES,HDFC,1512.05,-12.31188564,327720
18-05-2020,FINANCIAL SERVICES,HDFCBANK,836.65,-9.355362947,598276
18-05-2020,AUTOMOBILE,HEROMOTOCO,2070.55,3.491278053,53382
18-05-2020,METALS,HINDALCO,115.35,-0.474547023,33189
18-05-2020,CONSUMER GOODS,HINDUNILVR,2005.25,-3.716418985,505298
18-05-2020,FINANCIAL SERVICES,ICICIBANK,298.5,-11.69945274,234883
18-05-2020,FINANCIAL SERVICES,INDUSINDBK,376.75,-10.94433282,34307
18-05-2020,TELECOM,INFRATEL,207.1,22.90801187,41126
18-05-2020,IT,INFY,663.9,-1.454653407,322120
18-05-2020,OIL & GAS,IOC,71.55,-10.28213166,83221
18-05-2020,CONSUMER GOODS,ITC,164.75,-5.343292157,253220
18-05-2020,METALS,JSWSTEEL,163.25,-0.183430144,47015
18-05-2020,FINANCIAL SERVICES,KOTAKBANK,1113.65,-12.84629833,267465
18-05-2020,CONSTRUCTION,LT,813.35,-4.384882149,132067
18-05-2020,AUTOMOBILE,M&M,377.2,5.643467301,65861
18-05-2020,AUTOMOBILE,MARUTI,4720.95,-3.383951047,179691
18-05-2020,CONSUMER GOODS,NESTLEIND,16240.35,-6.966479439,161805
18-05-2020,POWER,NTPC,88.9,-2.788408967,92366
18-05-2020,OIL & GAS,ONGC,72.9,-4.768125408,103032
18-05-2020,POWER,POWERGRID,154.5,-2.860735618,91553
18-05-2020,OIL & GAS,RELIANCE,1440.75,0.386705686,1190490
18-05-2020,FINANCIAL SERVICES,SBIN,155.3,-13.16745876,165507
18-05-2020,CEMENT & CEMENT PRODUCTS,SHREECEM,18152.7,-2.535838926,82102
18-05-2020,PHARMA,SUNPHARMA,440.7,-5.317434741,113525
18-05-2020,AUTOMOBILE,TATAMOTORS,80.65,-3.873659118,31369
18-05-2020,METALS,TATASTEEL,266.6,-2.558479532,40332
18-05-2020,IT,TCS,1945.6,0.784791111,809896
18-05-2020,IT,TECHM,504.05,0.318439646,54178
18-05-2020,CONSUMER GOODS,TITAN,817.3,-8.359028985,87567
18-05-2020,CEMENT & CEMENT PRODUCTS,ULTRACEMCO,3307.8,-1.188911459,112997
18-05-2020,FERTILISERS & PESTICIDES,UPL,375.8,-2.490918526,33800
18-05-2020,METALS,VEDL,92.5,15.69731082,39551
18-05-2020,IT,WIPRO,182.2,-4.130491976,128403
18-05-2020,MEDIA & ENTERTAINMENT,ZEEL,149.5,2.117486339,16751
19-05-2020,SERVICES,ADANIPORTS,319.2,19.84231275,70471
19-05-2020,CONSUMER GOODS,ASIANPAINT,1503.95,-10.30832538,161788
19-05-2020,FINANCIAL SERVICES,AXISBANK,354.5,-11.99106256,119527
19-05-2020,AUTOMOBILE,BAJAJ-AUTO,2509.3,2.749626354,83012
19-05-2020,FINANCIAL SERVICES,BAJAJFINSV,4535.45,-4.764454524,98622
19-05-2020,FINANCIAL SERVICES,BAJFINANCE,1964.95,-5.515351141,178641
19-05-2020,TELECOM,BHARTIARTL,598.8,12.45070423,304693
19-05-2020,OIL & GAS,BPCL,293.3,-15.69416499,83213
19-05-2020,CONSUMER GOODS,BRITANNIA,3104,0.357264101,85080
19-05-2020,PHARMA,CIPLA,594.95,-2.762114897,52069
19-05-2020,METALS,COALINDIA,123.6,-13.14125088,82365
19-05-2020,PHARMA,DRREDDY,3699.6,-6.077684692,65161
19-05-2020,AUTOMOBILE,EICHERMOT,12966.2,-5.692133132,50108
19-05-2020,OIL & GAS,GAIL,81.85,-12.45989305,46657
19-05-2020,CEMENT & CEMENT PRODUCTS,GRASIM,511.85,6.846884459,40649
19-05-2020,IT,HCLTECH,518.25,0.777831794,154638
19-05-2020,FINANCIAL SERVICES,HDFC,1539.85,-10.69968394,327720
19-05-2020,FINANCIAL SERVICES,HDFCBANK,830.65,-10.00541712,598276
19-05-2020,AUTOMOBILE,HEROMOTOCO,2073.5,3.638726446,53382
19-05-2020,METALS,HINDALCO,117.3,1.207937877,33189
19-05-2020,CONSUMER GOODS,HINDUNILVR,1975.55,-5.142486736,505298
19-05-2020,FINANCIAL SERVICES,ICICIBANK,300.3,-11.16698713,234883
19-05-2020,FINANCIAL SERVICES,INDUSINDBK,367.8,-13.059922,34307
19-05-2020,TELECOM,INFRATEL,218.75,29.82195846,41126
19-05-2020,IT,INFY,668.6,-0.757013507,322120
19-05-2020,OIL & GAS,IOC,72.05,-9.655172414,83221
19-05-2020,CONSUMER GOODS,ITC,170.75,-1.896006895,253220
19-05-2020,METALS,JSWSTEEL,169.3,3.515744421,47015
19-05-2020,FINANCIAL SERVICES,KOTAKBANK,1130.45,-11.53153858,267465
19-05-2020,CONSTRUCTION,LT,796.35,-6.383353906,132067
19-05-2020,AUTOMOBILE,M&M,382.9,7.239882369,65861
19-05-2020,AUTOMOBILE,MARUTI,4805.3,-1.657696007,179691
19-05-2020,CONSUMER GOODS,NESTLEIND,16150.3,-7.48233461,161805
19-05-2020,POWER,NTPC,91.05,-0.437397485,92366
19-05-2020,OIL & GAS,ONGC,77.15,0.783801437,103032
19-05-2020,POWER,POWERGRID,158.05,-0.628733103,91553
19-05-2020,OIL & GAS,RELIANCE,1408.9,-1.832497213,1190490
19-05-2020,FINANCIAL SERVICES,SBIN,152.8,-14.56527817,165507
19-05-2020,CEMENT & CEMENT PRODUCTS,SHREECEM,18340.75,-1.526174497,82102
19-05-2020,PHARMA,SUNPHARMA,441.7,-5.102588892,113525
19-05-2020,AUTOMOBILE,TATAMOTORS,81.8,-2.502979738,31369
19-05-2020,METALS,TATASTEEL,272,-0.584795322,40332
19-05-2020,IT,TCS,1948.65,0.942785361,809896
19-05-2020,IT,TECHM,512.6,2.020101503,54178
19-05-2020,CONSUMER GOODS,TITAN,826.8,-7.293827437,87567
19-05-2020,CEMENT & CEMENT PRODUCTS,ULTRACEMCO,3438.15,2.70492293,112997
19-05-2020,FERTILISERS & PESTICIDES,UPL,339.65,-11.8707836,33800
19-05-2020,METALS,VEDL,90,12.57035647,39551
19-05-2020,IT,WIPRO,184.4,-2.972901868,128403
19-05-2020,MEDIA & ENTERTAINMENT,ZEEL,150.25,2.629781421,16751
20-05-2020,SERVICES,ADANIPORTS,323.75,21.55059133,70471
20-05-2020,CONSUMER GOODS,ASIANPAINT,1500.05,-10.54091126,161788
20-05-2020,FINANCIAL SERVICES,AXISBANK,362.5,-10.00496524,119527
20-05-2020,AUTOMOBILE,BAJAJ-AUTO,2557.75,4.733533976,83012
20-05-2020,FINANCIAL SERVICES,BAJAJFINSV,4702.05,-1.266181612,98622
20-05-2020,FINANCIAL SERVICES,BAJFINANCE,2042.8,-1.771932777,178641
20-05-2020,TELECOM,BHARTIARTL,594.05,11.55868545,304693
20-05-2020,OIL & GAS,BPCL,308.9,-11.21011785,83213
20-05-2020,CONSUMER GOODS,BRITANNIA,3127.85,1.128372589,85080
20-05-2020,PHARMA,CIPLA,620.65,1.438261012,52069
20-05-2020,METALS,COALINDIA,123.25,-13.38721012,82365
20-05-2020,PHARMA,DRREDDY,3910.2,-0.731150038,65161
20-05-2020,AUTOMOBILE,EICHERMOT,13675.1,-0.536046782,50108
20-05-2020,OIL & GAS,GAIL,86.25,-7.754010695,46657
20-05-2020,CEMENT & CEMENT PRODUCTS,GRASIM,536.85,12.06554639,40649
20-05-2020,IT,HCLTECH,526.75,2.430724356,154638
20-05-2020,FINANCIAL SERVICES,HDFC,1627,-5.645605591,327720
20-05-2020,FINANCIAL SERVICES,HDFCBANK,857.1,-7.139761647,598276
20-05-2020,AUTOMOBILE,HEROMOTOCO,2023.6,1.14459939,53382
20-05-2020,METALS,HINDALCO,120.8,4.227782571,33189
20-05-2020,CONSUMER GOODS,HINDUNILVR,1990.85,-4.407845773,505298
20-05-2020,FINANCIAL SERVICES,ICICIBANK,305.65,-9.584381009,234883
20-05-2020,FINANCIAL SERVICES,INDUSINDBK,357.3,-15.54189812,34307
20-05-2020,TELECOM,INFRATEL,200.85,19.19881306,41126
20-05-2020,IT,INFY,669.55,-0.616001187,322120
20-05-2020,OIL & GAS,IOC,74.1,-7.084639498,83221
20-05-2020,CONSUMER GOODS,ITC,175.75,0.976730824,253220
20-05-2020,METALS,JSWSTEEL,171.05,4.585753592,47015
20-05-2020,FINANCIAL SERVICES,KOTAKBANK,1160.1,-9.211144154,267465
20-05-2020,CONSTRUCTION,LT,835,-1.839769588,132067
20-05-2020,AUTOMOBILE,M&M,405.05,13.44349531,65861
20-05-2020,AUTOMOBILE,MARUTI,4891.95,0.115629413,179691
20-05-2020,CONSUMER GOODS,NESTLEIND,16303.4,-6.605294891,161805
20-05-2020,POWER,NTPC,92.9,1.585565883,92366
20-05-2020,OIL & GAS,ONGC,78,1.894186806,103032
20-05-2020,POWER,POWERGRID,158.45,-0.377239862,91553
20-05-2020,OIL & GAS,RELIANCE,1433.7,-0.10451505,1190490
20-05-2020,FINANCIAL SERVICES,SBIN,153.4,-14.22980151,165507
20-05-2020,CEMENT & CEMENT PRODUCTS,SHREECEM,19411.65,4.223624161,82102
20-05-2020,PHARMA,SUNPHARMA,455.75,-2.084004727,113525
20-05-2020,AUTOMOBILE,TATAMOTORS,83.45,-0.536352801,31369
20-05-2020,METALS,TATASTEEL,283.2,3.50877193,40332
20-05-2020,IT,TCS,1953.6,1.199202259,809896
20-05-2020,IT,TECHM,519.2,3.333665041,54178
20-05-2020,CONSUMER GOODS,TITAN,848.7,-4.838257555,87567
20-05-2020,CEMENT & CEMENT PRODUCTS,ULTRACEMCO,3528.5,5.40387143,112997
20-05-2020,FERTILISERS & PESTICIDES,UPL,356.55,-7.485729113,33800
20-05-2020,METALS,VEDL,88.55,10.75672295,39551
20-05-2020,IT,WIPRO,184.95,-2.683504341,128403
20-05-2020,MEDIA & ENTERTAINMENT,ZEEL,153.55,4.883879781,16751
21-05-2020,SERVICES,ADANIPORTS,317.15,19.07264877,70471
21-05-2020,CONSUMER GOODS,ASIANPAINT,1574.3,-6.112833969,161788
21-05-2020,FINANCIAL SERVICES,AXISBANK,357.2,-11.32075472,119527
21-05-2020,AUTOMOBILE,BAJAJ-AUTO,2640.35,8.115799603,83012
21-05-2020,FINANCIAL SERVICES,BAJAJFINSV,4539.2,-4.685711886,98622
21-05-2020,FINANCIAL SERVICES,BAJFINANCE,1990.2,-4.30120453,178641
21-05-2020,TELECOM,BHARTIARTL,594.55,11.65258216,304693
21-05-2020,OIL & GAS,BPCL,313.2,-9.974130497,83213
21-05-2020,CONSUMER GOODS,BRITANNIA,3110.95,0.581968671,85080
21-05-2020,PHARMA,CIPLA,616.6,0.776334069,52069
21-05-2020,METALS,COALINDIA,124.5,-12.50878426,82365
21-05-2020,PHARMA,DRREDDY,3847.5,-2.3229246,65161
21-05-2020,AUTOMOBILE,EICHERMOT,14087.6,2.464215059,50108
21-05-2020,OIL & GAS,GAIL,87.95,-5.935828877,46657
21-05-2020,CEMENT & CEMENT PRODUCTS,GRASIM,526.95,9.998956268,40649
21-05-2020,IT,HCLTECH,534.85,4.005833738,154638
21-05-2020,FINANCIAL SERVICES,HDFC,1597.3,-7.367993737,327720
21-05-2020,FINANCIAL SERVICES,HDFCBANK,859.55,-6.87432286,598276
21-05-2020,AUTOMOBILE,HEROMOTOCO,2119.5,5.937921727,53382
21-05-2020,METALS,HINDALCO,129.5,11.73425367,33189
21-05-2020,CONSUMER GOODS,HINDUNILVR,1970.9,-5.365759969,505298
21-05-2020,FINANCIAL SERVICES,ICICIBANK,304.4,-9.954148795,234883
21-05-2020,FINANCIAL SERVICES,INDUSINDBK,346.8,-18.02387425,34307
21-05-2020,TELECOM,INFRATEL,205.85,22.16617211,41126
21-05-2020,IT,INFY,672.2,-0.222651032,322120
21-05-2020,OIL & GAS,IOC,74.45,-6.645768025,83221
21-05-2020,CONSUMER GOODS,ITC,188.95,8.560758403,253220
21-05-2020,METALS,JSWSTEEL,169.9,3.882604708,47015
21-05-2020,FINANCIAL SERVICES,KOTAKBANK,1150.25,-9.982000313,267465
21-05-2020,CONSTRUCTION,LT,820.5,-3.544348439,132067
21-05-2020,AUTOMOBILE,M&M,408.3,14.35373197,65861
21-05-2020,AUTOMOBILE,MARUTI,5050.1,3.352229703,179691
21-05-2020,CONSUMER GOODS,NESTLEIND,16295.45,-6.650836797,161805
21-05-2020,POWER,NTPC,90.25,-1.312192455,92366
21-05-2020,OIL & GAS,ONGC,77,0.587851078,103032
21-05-2020,POWER,POWERGRID,158.9,-0.094309965,91553
21-05-2020,OIL & GAS,RELIANCE,1441.25,0.421544036,1190490
21-05-2020,FINANCIAL SERVICES,SBIN,151.95,-15.04053676,165507
21-05-2020,CEMENT & CEMENT PRODUCTS,SHREECEM,19251.15,3.361879195,82102
21-05-2020,PHARMA,SUNPHARMA,466.45,0.214845848,113525
21-05-2020,AUTOMOBILE,TATAMOTORS,84.1,0.238379023,31369
21-05-2020,METALS,TATASTEEL,283.7,3.691520468,40332
21-05-2020,IT,TCS,1991.2,3.146934653,809896
21-05-2020,IT,TECHM,520.05,3.502836103,54178
21-05-2020,CONSUMER GOODS,TITAN,849.85,-4.709312104,87567
21-05-2020,CEMENT & CEMENT PRODUCTS,ULTRACEMCO,3571.5,6.68837376,112997
21-05-2020,FERTILISERS & PESTICIDES,UPL,366.8,-4.826154645,33800
21-05-2020,METALS,VEDL,90.2,12.82051282,39551
21-05-2020,IT,WIPRO,189.1,-0.499868456,128403
21-05-2020,MEDIA & ENTERTAINMENT,ZEEL,153.95,5.157103825,16751
22-05-2020,SERVICES,ADANIPORTS,310.6,16.61347851,70471
22-05-2020,CONSUMER GOODS,ASIANPAINT,1617.9,-3.51264313,161788
22-05-2020,FINANCIAL SERVICES,AXISBANK,336.95,-16.34806356,119527
22-05-2020,AUTOMOBILE,BAJAJ-AUTO,2553.75,4.569743873,83012
22-05-2020,FINANCIAL SERVICES,BAJAJFINSV,4315.55,-9.38192279,98622
22-05-2020,FINANCIAL SERVICES,BAJFINANCE,1895.3,-8.864472387,178641
22-05-2020,TELECOM,BHARTIARTL,593.2,11.39906103,304693
22-05-2020,OIL & GAS,BPCL,315.2,-9.399252659,83213
22-05-2020,CONSUMER GOODS,BRITANNIA,3167.1,2.397387607,85080
22-05-2020,PHARMA,CIPLA,639.35,4.494565662,52069
22-05-2020,METALS,COALINDIA,125.2,-12.01686578,82365
22-05-2020,PHARMA,DRREDDY,3892.85,-1.171617162,65161
22-05-2020,AUTOMOBILE,EICHERMOT,13922.4,1.26265565,50108
22-05-2020,OIL & GAS,GAIL,87.2,-6.737967914,46657
22-05-2020,CEMENT & CEMENT PRODUCTS,GRASIM,532.35,11.12618725,40649
22-05-2020,IT,HCLTECH,530.4,3.140495868,154638
22-05-2020,FINANCIAL SERVICES,HDFC,1516.15,-12.07411488,327720
22-05-2020,FINANCIAL SERVICES,HDFCBANK,838.85,-9.117009751,598276
22-05-2020,AUTOMOBILE,HEROMOTOCO,2150.6,7.492377668,53382
22-05-2020,METALS,HINDALCO,124.85,7.722174288,33189
22-05-2020,CONSUMER GOODS,HINDUNILVR,1987.9,-4.549492233,505298
22-05-2020,FINANCIAL SERVICES,ICICIBANK,291.05,-13.90326875,234883
22-05-2020,FINANCIAL SERVICES,INDUSINDBK,338.35,-20.02127408,34307
22-05-2020,TELECOM,INFRATEL,207.5,23.14540059,41126
22-05-2020,IT,INFY,692.35,2.768294493,322120
22-05-2020,OIL & GAS,IOC,75.5,-5.329153605,83221
22-05-2020,CONSUMER GOODS,ITC,186.35,7.066934789,253220
22-05-2020,METALS,JSWSTEEL,166.15,1.589727912,47015
22-05-2020,FINANCIAL SERVICES,KOTAKBANK,1160.2,-9.203318203,267465
22-05-2020,CONSTRUCTION,LT,815.7,-4.108622818,132067
22-05-2020,AUTOMOBILE,M&M,426.35,19.40904635,65861
22-05-2020,AUTOMOBILE,MARUTI,5134.3,5.075414936,179691
22-05-2020,CONSUMER GOODS,NESTLEIND,16215.15,-7.110838687,161805
22-05-2020,POWER,NTPC,90.95,-0.546746856,92366
22-05-2020,OIL & GAS,ONGC,76.15,-0.522534291,103032
22-05-2020,POWER,POWERGRID,155.85,-2.011945929,91553
22-05-2020,OIL & GAS,RELIANCE,1431.55,-0.254319955,1190490
22-05-2020,FINANCIAL SERVICES,SBIN,150.85,-15.6555773,165507
22-05-2020,CEMENT & CEMENT PRODUCTS,SHREECEM,19910.25,6.900671141,82102
22-05-2020,PHARMA,SUNPHARMA,469.4,0.8486411,113525
22-05-2020,AUTOMOBILE,TATAMOTORS,82.8,-1.311084625,31369
22-05-2020,METALS,TATASTEEL,274.45,0.310672515,40332
22-05-2020,IT,TCS,2020.35,4.656945272,809896
22-05-2020,IT,TECHM,529.65,5.413473978,54178
22-05-2020,CONSUMER GOODS,TITAN,849.65,-4.7317374,87567
22-05-2020,CEMENT & CEMENT PRODUCTS,ULTRACEMCO,3638.95,8.70325009,112997
22-05-2020,FERTILISERS & PESTICIDES,UPL,371.15,-3.697457187,33800
22-05-2020,METALS,VEDL,89.1,11.44465291,39551
22-05-2020,IT,WIPRO,189,-0.552486188,128403
22-05-2020,MEDIA & ENTERTAINMENT,ZEEL,163.25,11.50956284,16751
26-05-2020,SERVICES,ADANIPORTS,315.6,18.49070772,70471
26-05-2020,CONSUMER GOODS,ASIANPAINT,1629.85,-2.799976145,161788
26-05-2020,FINANCIAL SERVICES,AXISBANK,341.3,-15.26812314,119527
26-05-2020,AUTOMOBILE,BAJAJ-AUTO,2564.85,5.024261409,83012
26-05-2020,FINANCIAL SERVICES,BAJAJFINSV,4097.25,-13.9657942,98622
26-05-2020,FINANCIAL SERVICES,BAJFINANCE,1829,-12.05250884,178641
26-05-2020,TELECOM,BHARTIARTL,559.25,5.023474178,304693
26-05-2020,OIL & GAS,BPCL,313.15,-9.988502443,83213
26-05-2020,CONSUMER GOODS,BRITANNIA,3163.85,2.292309931,85080
26-05-2020,PHARMA,CIPLA,627.7,2.590504209,52069
26-05-2020,METALS,COALINDIA,127.25,-10.57624736,82365
26-05-2020,PHARMA,DRREDDY,3864.3,-1.896420411,65161
26-05-2020,AUTOMOBILE,EICHERMOT,14805.1,7.682852322,50108
26-05-2020,OIL & GAS,GAIL,88.15,-5.721925134,46657
26-05-2020,CEMENT & CEMENT PRODUCTS,GRASIM,532.65,11.18881119,40649
26-05-2020,IT,HCLTECH,524,1.895964998,154638
26-05-2020,FINANCIAL SERVICES,HDFC,1502.15,-12.88601502,327720
26-05-2020,FINANCIAL SERVICES,HDFCBANK,852.4,-7.648970748,598276
26-05-2020,AUTOMOBILE,HEROMOTOCO,2113.65,5.645524067,53382
26-05-2020,METALS,HINDALCO,129.1,11.38912856,33189
26-05-2020,CONSUMER GOODS,HINDUNILVR,1977.8,-5.0344513,505298
26-05-2020,FINANCIAL SERVICES,ICICIBANK,292.7,-13.41517527,234883
26-05-2020,FINANCIAL SERVICES,INDUSINDBK,348.2,-17.6929441,34307
26-05-2020,TELECOM,INFRATEL,208.15,23.53115727,41126
26-05-2020,IT,INFY,680.55,1.016773044,322120
26-05-2020,OIL & GAS,IOC,77.15,-3.260188088,83221
26-05-2020,CONSUMER GOODS,ITC,191.7,10.14076415,253220
26-05-2020,METALS,JSWSTEEL,176.25,7.765209416,47015
26-05-2020,FINANCIAL SERVICES,KOTAKBANK,1153.2,-9.751134763,267465
26-05-2020,CONSTRUCTION,LT,825.55,-2.95068477,132067
26-05-2020,AUTOMOBILE,M&M,429.15,20.19325025,65861
26-05-2020,AUTOMOBILE,MARUTI,5246.15,7.364468002,179691
26-05-2020,CONSUMER GOODS,NESTLEIND,16655.15,-4.590280383,161805
26-05-2020,POWER,NTPC,93,1.694915254,92366
26-05-2020,OIL & GAS,ONGC,77,0.587851078,103032
26-05-2020,POWER,POWERGRID,157.35,-1.068846275,91553
26-05-2020,OIL & GAS,RELIANCE,1424.05,-0.776895206,1190490
26-05-2020,FINANCIAL SERVICES,SBIN,151.4,-15.34805703,165507
26-05-2020,CEMENT & CEMENT PRODUCTS,SHREECEM,20667.3,10.96536913,82102
26-05-2020,PHARMA,SUNPHARMA,459.15,-1.353528843,113525
26-05-2020,AUTOMOBILE,TATAMOTORS,83.1,-0.953516091,31369
26-05-2020,METALS,TATASTEEL,280.45,2.503654971,40332
26-05-2020,IT,TCS,1943,0.650107488,809896
26-05-2020,IT,TECHM,520.45,3.582446015,54178
26-05-2020,CONSUMER GOODS,TITAN,892.75,0.100913831,87567
26-05-2020,CEMENT & CEMENT PRODUCTS,ULTRACEMCO,3786,13.09594934,112997
26-05-2020,FERTILISERS & PESTICIDES,UPL,367.05,-4.761286975,33800
26-05-2020,METALS,VEDL,87.9,9.943714822,39551
26-05-2020,IT,WIPRO,188.8,-0.657721652,128403
26-05-2020,MEDIA & ENTERTAINMENT,ZEEL,165.2,12.84153005,16751
27-05-2020,SERVICES,ADANIPORTS,326.65,22.63938427,70471
27-05-2020,CONSUMER GOODS,ASIANPAINT,1619.45,-3.420205153,161788
27-05-2020,FINANCIAL SERVICES,AXISBANK,387,-3.922542205,119527
27-05-2020,AUTOMOBILE,BAJAJ-AUTO,2580.55,5.667137563,83012
27-05-2020,FINANCIAL SERVICES,BAJAJFINSV,4258.05,-10.5893099,98622
27-05-2020,FINANCIAL SERVICES,BAJFINANCE,1936.45,-6.885774049,178641
27-05-2020,TELECOM,BHARTIARTL,563.1,5.746478873,304693
27-05-2020,OIL & GAS,BPCL,329.45,-5.30324806,83213
27-05-2020,CONSUMER GOODS,BRITANNIA,3220.3,4.117428345,85080
27-05-2020,PHARMA,CIPLA,633.05,3.464901528,52069
27-05-2020,METALS,COALINDIA,130.8,-8.08151792,82365
27-05-2020,PHARMA,DRREDDY,3883,-1.42168063,65161
27-05-2020,AUTOMOBILE,EICHERMOT,14966.95,8.860045968,50108
27-05-2020,OIL & GAS,GAIL,88.6,-5.240641711,46657
27-05-2020,CEMENT & CEMENT PRODUCTS,GRASIM,566.65,18.28619142,40649
27-05-2020,IT,HCLTECH,530.95,3.247447739,154638
27-05-2020,FINANCIAL SERVICES,HDFC,1570.4,-8.928001856,327720
27-05-2020,FINANCIAL SERVICES,HDFCBANK,903.65,-2.096424702,598276
27-05-2020,AUTOMOBILE,HEROMOTOCO,2175.65,8.744439446,53382
27-05-2020,METALS,HINDALCO,133.3,15.01294219,33189
27-05-2020,CONSUMER GOODS,HINDUNILVR,1998.1,-4.059731592,505298
27-05-2020,FINANCIAL SERVICES,ICICIBANK,318.85,-5.67963319,234883
27-05-2020,FINANCIAL SERVICES,INDUSINDBK,368.95,-12.78808651,34307
27-05-2020,TELECOM,INFRATEL,216.7,28.60534125,41126
27-05-2020,IT,INFY,705.45,4.712780169,322120
27-05-2020,OIL & GAS,IOC,77.55,-2.75862069,83221
27-05-2020,CONSUMER GOODS,ITC,192.15,10.39931054,253220
27-05-2020,METALS,JSWSTEEL,184.8,12.99296851,47015
27-05-2020,FINANCIAL SERVICES,KOTAKBANK,1217.55,-4.715135389,267465
27-05-2020,CONSTRUCTION,LT,850.85,0.023511432,132067
27-05-2020,AUTOMOBILE,M&M,432.5,21.13149419,65861
27-05-2020,AUTOMOBILE,MARUTI,5244.4,7.328653582,179691
27-05-2020,CONSUMER GOODS,NESTLEIND,16716.5,-4.238834356,161805
27-05-2020,POWER,NTPC,94.7,3.553854565,92366
27-05-2020,OIL & GAS,ONGC,77.95,1.82887002,103032
27-05-2020,POWER,POWERGRID,157.15,-1.194592895,91553
27-05-2020,OIL & GAS,RELIANCE,1445.55,0.721153846,1190490
27-05-2020,FINANCIAL SERVICES,SBIN,158.6,-11.32233715,165507
27-05-2020,CEMENT & CEMENT PRODUCTS,SHREECEM,20477.55,9.946577181,82102
27-05-2020,PHARMA,SUNPHARMA,450.9,-3.12600709,113525
27-05-2020,AUTOMOBILE,TATAMOTORS,84.55,0.774731824,31369
27-05-2020,METALS,TATASTEEL,287.95,5.244883041,40332
27-05-2020,IT,TCS,2005.3,3.8773343,809896
27-05-2020,IT,TECHM,523.75,4.239227784,54178
27-05-2020,CONSUMER GOODS,TITAN,885.85,-0.672758872,87567
27-05-2020,CEMENT & CEMENT PRODUCTS,ULTRACEMCO,3727.4,11.34544151,112997
27-05-2020,FERTILISERS & PESTICIDES,UPL,387.8,0.622729632,33800
27-05-2020,METALS,VEDL,87.9,9.943714822,39551
27-05-2020,IT,WIPRO,201.25,5.893186004,128403
27-05-2020,MEDIA & ENTERTAINMENT,ZEEL,164.45,12.32923497,16751
28-05-2020,SERVICES,ADANIPORTS,331.8,24.57293035,70471
28-05-2020,CONSUMER GOODS,ASIANPAINT,1643.6,-1.979961832,161788
28-05-2020,FINANCIAL SERVICES,AXISBANK,390.95,-2.941906653,119527
28-05-2020,AUTOMOBILE,BAJAJ-AUTO,2600,6.463566939,83012
28-05-2020,FINANCIAL SERVICES,BAJAJFINSV,4285.95,-10.00346468,98622
28-05-2020,FINANCIAL SERVICES,BAJFINANCE,1947.7,-6.344817638,178641
28-05-2020,TELECOM,BHARTIARTL,562.75,5.680751174,304693
28-05-2020,OIL & GAS,BPCL,326.45,-6.165564817,83213
28-05-2020,CONSUMER GOODS,BRITANNIA,3323.25,7.445965826,85080
28-05-2020,PHARMA,CIPLA,628.35,2.696739397,52069
28-05-2020,METALS,COALINDIA,133.9,-5.903021785,82365
28-05-2020,PHARMA,DRREDDY,3887.75,-1.301091648,65161
28-05-2020,AUTOMOBILE,EICHERMOT,16236.5,18.09394274,50108
28-05-2020,OIL & GAS,GAIL,89.1,-4.705882353,46657
28-05-2020,CEMENT & CEMENT PRODUCTS,GRASIM,576.5,20.34234422,40649
28-05-2020,IT,HCLTECH,542.65,5.522605737,154638
28-05-2020,FINANCIAL SERVICES,HDFC,1623.7,-5.836982051,327720
28-05-2020,FINANCIAL SERVICES,HDFCBANK,945.25,2.410617551,598276
28-05-2020,AUTOMOBILE,HEROMOTOCO,2298.1,14.86479732,53382
28-05-2020,METALS,HINDALCO,138.4,19.41328732,33189
28-05-2020,CONSUMER GOODS,HINDUNILVR,2009.95,-3.490744964,505298
28-05-2020,FINANCIAL SERVICES,ICICIBANK,326.85,-3.313119361,234883
28-05-2020,FINANCIAL SERVICES,INDUSINDBK,386.85,-8.556908167,34307
28-05-2020,TELECOM,INFRATEL,223.85,32.84866469,41126
28-05-2020,IT,INFY,707.4,5.00222651,322120
28-05-2020,OIL & GAS,IOC,77.7,-2.570532915,83221
28-05-2020,CONSUMER GOODS,ITC,190.65,9.537489227,253220
28-05-2020,METALS,JSWSTEEL,184.15,12.59553653,47015
28-05-2020,FINANCIAL SERVICES,KOTAKBANK,1229.45,-3.783847237,267465
28-05-2020,CONSTRUCTION,LT,905.5,6.448010345,132067
28-05-2020,AUTOMOBILE,M&M,440.4,23.34406946,65861
28-05-2020,AUTOMOBILE,MARUTI,5468.35,11.91187606,179691
28-05-2020,CONSUMER GOODS,NESTLEIND,16989.15,-2.676947489,161805
28-05-2020,POWER,NTPC,95.7,4.647348278,92366
28-05-2020,OIL & GAS,ONGC,78.85,3.004572175,103032
28-05-2020,POWER,POWERGRID,157.25,-1.131719585,91553
28-05-2020,OIL & GAS,RELIANCE,1472.25,2.581521739,1190490
28-05-2020,FINANCIAL SERVICES,SBIN,158.2,-11.54598826,165507
28-05-2020,CEMENT & CEMENT PRODUCTS,SHREECEM,20808.9,11.72563758,82102
28-05-2020,PHARMA,SUNPHARMA,459.1,-1.364271135,113525
28-05-2020,AUTOMOBILE,TATAMOTORS,87,3.694874851,31369
28-05-2020,METALS,TATASTEEL,295.5,8.004385965,40332
28-05-2020,IT,TCS,2004.3,3.825532907,809896
28-05-2020,IT,TECHM,529.7,5.423425216,54178
28-05-2020,CONSUMER GOODS,TITAN,899.45,0.852161238,87567
28-05-2020,CEMENT & CEMENT PRODUCTS,ULTRACEMCO,3809.2,13.78898315,112997
28-05-2020,FERTILISERS & PESTICIDES,UPL,391.1,1.478982875,33800
28-05-2020,METALS,VEDL,89.95,12.50781739,39551
28-05-2020,IT,WIPRO,199.35,4.893449092,128403
28-05-2020,MEDIA & ENTERTAINMENT,ZEEL,180.7,23.42896175,16751
29-05-2020,SERVICES,ADANIPORTS,323.8,21.56936362,70471
29-05-2020,CONSUMER GOODS,ASIANPAINT,1683.1,0.375715649,161788
29-05-2020,FINANCIAL SERVICES,AXISBANK,384.95,-4.431479643,119527
29-05-2020,AUTOMOBILE,BAJAJ-AUTO,2710.5,10.98826853,83012
29-05-2020,FINANCIAL SERVICES,BAJAJFINSV,4404.9,-7.505748213,98622
29-05-2020,FINANCIAL SERVICES,BAJFINANCE,1953.65,-6.058711802,178641
29-05-2020,TELECOM,BHARTIARTL,552.6,3.774647887,304693
29-05-2020,OIL & GAS,BPCL,342.8,-1.465938488,83213
29-05-2020,CONSUMER GOODS,BRITANNIA,3378.85,9.243602386,85080
29-05-2020,PHARMA,CIPLA,648.15,5.932826673,52069
29-05-2020,METALS,COALINDIA,141.3,-0.702740689,82365
29-05-2020,PHARMA,DRREDDY,4071.25,3.35745113,65161
29-05-2020,AUTOMOBILE,EICHERMOT,16548.45,20.36286803,50108
29-05-2020,OIL & GAS,GAIL,92.35,-1.229946524,46657
29-05-2020,CEMENT & CEMENT PRODUCTS,GRASIM,589.2,22.99342449,40649
29-05-2020,IT,HCLTECH,550.25,7.000486145,154638
29-05-2020,FINANCIAL SERVICES,HDFC,1658.9,-3.795633137,327720
29-05-2020,FINANCIAL SERVICES,HDFCBANK,951.65,3.104008667,598276
29-05-2020,AUTOMOBILE,HEROMOTOCO,2360.85,18.00119958,53382
29-05-2020,METALS,HINDALCO,138.85,19.80155306,33189
29-05-2020,CONSUMER GOODS,HINDUNILVR,2057.35,-1.214798454,505298
29-05-2020,FINANCIAL SERVICES,ICICIBANK,331.95,-1.804466795,234883
29-05-2020,FINANCIAL SERVICES,INDUSINDBK,393.65,-6.949533152,34307
29-05-2020,TELECOM,INFRATEL,229.95,36.46884273,41126
29-05-2020,IT,INFY,691,2.567908565,322120
29-05-2020,OIL & GAS,IOC,83.2,4.326018809,83221
29-05-2020,CONSUMER GOODS,ITC,197.35,13.38695777,253220
29-05-2020,METALS,JSWSTEEL,184.2,12.62610822,47015
29-05-2020,FINANCIAL SERVICES,KOTAKBANK,1224,-4.210361559,267465
29-05-2020,CONSTRUCTION,LT,932.25,9.592664433,132067
29-05-2020,AUTOMOBILE,M&M,436.35,22.20977454,65861
29-05-2020,AUTOMOBILE,MARUTI,5610.8,14.82716984,179691
29-05-2020,CONSUMER GOODS,NESTLEIND,17540.8,0.483202484,161805
29-05-2020,POWER,NTPC,97.85,6.998359759,92366
29-05-2020,OIL & GAS,ONGC,83.2,8.687132593,103032
29-05-2020,POWER,POWERGRID,157.55,-0.943099654,91553
29-05-2020,OIL & GAS,RELIANCE,1464.4,2.034559643,1190490
29-05-2020,FINANCIAL SERVICES,SBIN,161.3,-9.8126922,165507
29-05-2020,CEMENT & CEMENT PRODUCTS,SHREECEM,20857.3,11.98550336,82102
29-05-2020,PHARMA,SUNPHARMA,474.25,1.890643463,113525
29-05-2020,AUTOMOBILE,TATAMOTORS,87,3.694874851,31369
29-05-2020,METALS,TATASTEEL,295.2,7.894736842,40332
29-05-2020,IT,TCS,1972.35,2.170478386,809896
29-05-2020,IT,TECHM,530.45,5.5726938,54178
29-05-2020,CONSUMER GOODS,TITAN,890,-0.207433986,87567
29-05-2020,CEMENT & CEMENT PRODUCTS,ULTRACEMCO,3904.85,16.64625403,112997
29-05-2020,FERTILISERS & PESTICIDES,UPL,405.85,5.306175402,33800
29-05-2020,METALS,VEDL,92.2,15.3220763,39551
29-05-2020,IT,WIPRO,212.8,11.97053407,128403
29-05-2020,MEDIA & ENTERTAINMENT,ZEEL,183.55,25.37568306,16751
